"number","image_file","caption_file","article_slug","post_number","type","caption","url"
"001","001.png","001-caption.txt","meta-ads-funnel-strategy","01","Pain Point","You can't run conversion ads to cold traffic on Day 1. Here's why the funnel stage matters.

The campaign objective isn't wrong — the audience stage is. Here's why the funnel stage determines which Meta ad objective to run, and what cold traffic actually needs.

Read the full free guide on jdesigns.info.

Read it here: https://jdesigns.info/blog/meta-ads-funnel-strategy

#MetaAds #FacebookAds #SmallBusinessMarketing #JDesignsStrategist","https://jdesigns.info/blog/meta-ads-funnel-strategy"
"002","002.png","002-caption.txt","meta-ads-funnel-strategy","02","Mistake","Most Meta problems get worse when you start clicking before you know what layer is broken.

This guide breaks down the issue in plain English: You can't run conversion ads to cold traffic on Day 1. Here's why the funnel stage matters.

https://jdesigns.info/blog/meta-ads-funnel-strategy

#MetaBusinessSuite #MetaAdsHelp #FacebookBusiness #SmallBusinessOwner","https://jdesigns.info/blog/meta-ads-funnel-strategy"
"003","003.png","003-caption.txt","meta-ads-funnel-strategy","03","Checklist","Before you appeal, rebuild, reconnect, or scale, slow down and check the setup.

I wrote this guide for small business owners who need a clear next step, not more Meta confusion.

https://jdesigns.info/blog/meta-ads-funnel-strategy

#MetaTips #FacebookAdsManager #MarketingHelp #BusinessOwnerTips","https://jdesigns.info/blog/meta-ads-funnel-strategy"
"004","004.png","004-caption.txt","meta-ads-funnel-strategy","04","Truth","Meta warnings are rarely written in normal human language.

That is why I built a free guide for this exact issue: You can't run conversion ads to cold traffic on Day 1. Here's why the funnel stage matters.

Read it here: https://jdesigns.info/blog/meta-ads-funnel-strategy

#MetaAdsStrategy #DigitalMarketingTips #InstagramForBusiness #FacebookAdsTips","https://jdesigns.info/blog/meta-ads-funnel-strategy"
"005","005.png","005-caption.txt","meta-ads-funnel-strategy","05","CTA","If this is happening in your account, start here instead of guessing inside Business Suite.

You can't run conversion ads to cold traffic on Day 1. Here's why the funnel stage matters.

Free guide: https://jdesigns.info/blog/meta-ads-funnel-strategy

#MetaBusiness #FacebookAdsHelp #InstagramBusiness #SmallBusinessSupport","https://jdesigns.info/blog/meta-ads-funnel-strategy"
"006","006.png","006-caption.txt","advantage-plus-campaigns-2026","01","Pain Point","Meta stopped recommending manual campaign setup. Here's the new default.

Meta's default campaign experience is now Advantage+. If you're still building campaigns the old way, you're fighting the algorithm. Here's what changed and how to set up correctly in 2026.

Read the full free guide on jdesigns.info.

Read it here: https://jdesigns.info/blog/advantage-plus-campaigns-2026

#MetaAds #FacebookAds #SmallBusinessMarketing #JDesignsStrategist","https://jdesigns.info/blog/advantage-plus-campaigns-2026"
"007","007.png","007-caption.txt","advantage-plus-campaigns-2026","02","Mistake","Most Meta problems get worse when you start clicking before you know what layer is broken.

This guide breaks down the issue in plain English: Meta stopped recommending manual campaign setup. Here's the new default.

https://jdesigns.info/blog/advantage-plus-campaigns-2026

#MetaBusinessSuite #MetaAdsHelp #FacebookBusiness #SmallBusinessOwner","https://jdesigns.info/blog/advantage-plus-campaigns-2026"
"008","008.png","008-caption.txt","advantage-plus-campaigns-2026","03","Checklist","Before you appeal, rebuild, reconnect, or scale, slow down and check the setup.

I wrote this guide for small business owners who need a clear next step, not more Meta confusion.

https://jdesigns.info/blog/advantage-plus-campaigns-2026

#MetaTips #FacebookAdsManager #MarketingHelp #BusinessOwnerTips","https://jdesigns.info/blog/advantage-plus-campaigns-2026"
"009","009.png","009-caption.txt","advantage-plus-campaigns-2026","04","Truth","Meta warnings are rarely written in normal human language.

That is why I built a free guide for this exact issue: Meta stopped recommending manual campaign setup. Here's the new default.

Read it here: https://jdesigns.info/blog/advantage-plus-campaigns-2026

#MetaAdsStrategy #DigitalMarketingTips #InstagramForBusiness #FacebookAdsTips","https://jdesigns.info/blog/advantage-plus-campaigns-2026"
"010","010.png","010-caption.txt","advantage-plus-campaigns-2026","05","CTA","If this is happening in your account, start here instead of guessing inside Business Suite.

Meta stopped recommending manual campaign setup. Here's the new default.

Free guide: https://jdesigns.info/blog/advantage-plus-campaigns-2026

#MetaBusiness #FacebookAdsHelp #InstagramBusiness #SmallBusinessSupport","https://jdesigns.info/blog/advantage-plus-campaigns-2026"
"011","011.png","011-caption.txt","meta-ad-creative-strategy","01","Pain Point","Meta is grading your ad in the first 3 seconds. Here's the metric — and what a good score looks like.

Hook Rate is the signal Meta uses to decide if your ad gets shown more or quietly dies. Here's what it is, what a good score looks like, and how to improve it.

Read the full free guide on jdesigns.info.

Read it here: https://jdesigns.info/blog/meta-ad-creative-strategy

#MetaAds #FacebookAds #SmallBusinessMarketing #JDesignsStrategist","https://jdesigns.info/blog/meta-ad-creative-strategy"
"012","012.png","012-caption.txt","meta-ad-creative-strategy","02","Mistake","Most Meta problems get worse when you start clicking before you know what layer is broken.

This guide breaks down the issue in plain English: Meta is grading your ad in the first 3 seconds. Here's the metric — and what a good score looks like.

https://jdesigns.info/blog/meta-ad-creative-strategy

#MetaBusinessSuite #MetaAdsHelp #FacebookBusiness #SmallBusinessOwner","https://jdesigns.info/blog/meta-ad-creative-strategy"
"013","013.png","013-caption.txt","meta-ad-creative-strategy","03","Checklist","Before you appeal, rebuild, reconnect, or scale, slow down and check the setup.

I wrote this guide for small business owners who need a clear next step, not more Meta confusion.

https://jdesigns.info/blog/meta-ad-creative-strategy

#MetaTips #FacebookAdsManager #MarketingHelp #BusinessOwnerTips","https://jdesigns.info/blog/meta-ad-creative-strategy"
"014","014.png","014-caption.txt","meta-ad-creative-strategy","04","Truth","Meta warnings are rarely written in normal human language.

That is why I built a free guide for this exact issue: Meta is grading your ad in the first 3 seconds. Here's the metric — and what a good score looks like.

Read it here: https://jdesigns.info/blog/meta-ad-creative-strategy

#MetaAdsStrategy #DigitalMarketingTips #InstagramForBusiness #FacebookAdsTips","https://jdesigns.info/blog/meta-ad-creative-strategy"
"015","015.png","015-caption.txt","meta-ad-creative-strategy","05","CTA","If this is happening in your account, start here instead of guessing inside Business Suite.

Meta is grading your ad in the first 3 seconds. Here's the metric — and what a good score looks like.

Free guide: https://jdesigns.info/blog/meta-ad-creative-strategy

#MetaBusiness #FacebookAdsHelp #InstagramBusiness #SmallBusinessSupport","https://jdesigns.info/blog/meta-ad-creative-strategy"
"016","016.png","016-caption.txt","meta-pixel-tracking-guide","01","Pain Point","A broken pixel breaks your Meta algorithm. Verify before you spend.

Your Meta pixel is the foundation of everything — conversion tracking, audience building, optimization. Here's how to verify it's working before you run ads.

Read the guide before spending another dollar on a campaign with broken tracking.

Read it here: https://jdesigns.info/blog/meta-pixel-tracking-guide

#MetaAds #FacebookAds #SmallBusinessMarketing #JDesignsStrategist","https://jdesigns.info/blog/meta-pixel-tracking-guide"
"017","017.png","017-caption.txt","meta-pixel-tracking-guide","02","Mistake","Most Meta problems get worse when you start clicking before you know what layer is broken.

This guide breaks down the issue in plain English: A broken pixel breaks your Meta algorithm. Verify before you spend.

https://jdesigns.info/blog/meta-pixel-tracking-guide

#MetaBusinessSuite #MetaAdsHelp #FacebookBusiness #SmallBusinessOwner","https://jdesigns.info/blog/meta-pixel-tracking-guide"
"018","018.png","018-caption.txt","meta-pixel-tracking-guide","03","Checklist","Before you appeal, rebuild, reconnect, or scale, slow down and check the setup.

I wrote this guide for small business owners who need a clear next step, not more Meta confusion.

https://jdesigns.info/blog/meta-pixel-tracking-guide

#MetaTips #FacebookAdsManager #MarketingHelp #BusinessOwnerTips","https://jdesigns.info/blog/meta-pixel-tracking-guide"
"019","019.png","019-caption.txt","meta-pixel-tracking-guide","04","Truth","Meta warnings are rarely written in normal human language.

That is why I built a free guide for this exact issue: A broken pixel breaks your Meta algorithm. Verify before you spend.

Read it here: https://jdesigns.info/blog/meta-pixel-tracking-guide

#MetaAdsStrategy #DigitalMarketingTips #InstagramForBusiness #FacebookAdsTips","https://jdesigns.info/blog/meta-pixel-tracking-guide"
"020","020.png","020-caption.txt","meta-pixel-tracking-guide","05","CTA","If this is happening in your account, start here instead of guessing inside Business Suite.

A broken pixel breaks your Meta algorithm. Verify before you spend.

Free guide: https://jdesigns.info/blog/meta-pixel-tracking-guide

#MetaBusiness #FacebookAdsHelp #InstagramBusiness #SmallBusinessSupport","https://jdesigns.info/blog/meta-pixel-tracking-guide"
"021","021.png","021-caption.txt","meta-ads-budget-scaling-safely","01","Pain Point","Doubling your Meta ad budget this week? That might be why your account got flagged.

Budget spikes are one of the most common behavioral triggers for Meta ad account restrictions. Here's the 20–30% rule and how to scale without flagging your account.

Read the full free guide on jdesigns.info.

Read it here: https://jdesigns.info/blog/meta-ads-budget-scaling-safely

#MetaAds #FacebookAds #SmallBusinessMarketing #JDesignsStrategist","https://jdesigns.info/blog/meta-ads-budget-scaling-safely"
"022","022.png","022-caption.txt","meta-ads-budget-scaling-safely","02","Mistake","Most Meta problems get worse when you start clicking before you know what layer is broken.

This guide breaks down the issue in plain English: Doubling your Meta ad budget this week? That might be why your account got flagged.

https://jdesigns.info/blog/meta-ads-budget-scaling-safely

#MetaBusinessSuite #MetaAdsHelp #FacebookBusiness #SmallBusinessOwner","https://jdesigns.info/blog/meta-ads-budget-scaling-safely"
"023","023.png","023-caption.txt","meta-ads-budget-scaling-safely","03","Checklist","Before you appeal, rebuild, reconnect, or scale, slow down and check the setup.

I wrote this guide for small business owners who need a clear next step, not more Meta confusion.

https://jdesigns.info/blog/meta-ads-budget-scaling-safely

#MetaTips #FacebookAdsManager #MarketingHelp #BusinessOwnerTips","https://jdesigns.info/blog/meta-ads-budget-scaling-safely"
"024","024.png","024-caption.txt","meta-ads-budget-scaling-safely","04","Truth","Meta warnings are rarely written in normal human language.

That is why I built a free guide for this exact issue: Doubling your Meta ad budget this week? That might be why your account got flagged.

Read it here: https://jdesigns.info/blog/meta-ads-budget-scaling-safely

#MetaAdsStrategy #DigitalMarketingTips #InstagramForBusiness #FacebookAdsTips","https://jdesigns.info/blog/meta-ads-budget-scaling-safely"
"025","025.png","025-caption.txt","meta-ads-budget-scaling-safely","05","CTA","If this is happening in your account, start here instead of guessing inside Business Suite.

Doubling your Meta ad budget this week? That might be why your account got flagged.

Free guide: https://jdesigns.info/blog/meta-ads-budget-scaling-safely

#MetaBusiness #FacebookAdsHelp #InstagramBusiness #SmallBusinessSupport","https://jdesigns.info/blog/meta-ads-budget-scaling-safely"
"026","026.png","026-caption.txt","meta-ai-disclosure-rules-2026","01","Pain Point","Using AI-generated images in your Meta ads? You now have to disclose it.

Meta's 2026 policy requires disclosure for AI-generated content in ads. Here's what counts, how Meta detects it, and what happens if you skip the label.

Read the full free guide on jdesigns.info.

Read it here: https://jdesigns.info/blog/meta-ai-disclosure-rules-2026

#MetaAds #FacebookAds #SmallBusinessMarketing #JDesignsStrategist","https://jdesigns.info/blog/meta-ai-disclosure-rules-2026"
"027","027.png","027-caption.txt","meta-ai-disclosure-rules-2026","02","Mistake","Most Meta problems get worse when you start clicking before you know what layer is broken.

This guide breaks down the issue in plain English: Using AI-generated images in your Meta ads? You now have to disclose it.

https://jdesigns.info/blog/meta-ai-disclosure-rules-2026

#MetaBusinessSuite #MetaAdsHelp #FacebookBusiness #SmallBusinessOwner","https://jdesigns.info/blog/meta-ai-disclosure-rules-2026"
"028","028.png","028-caption.txt","meta-ai-disclosure-rules-2026","03","Checklist","Before you appeal, rebuild, reconnect, or scale, slow down and check the setup.

I wrote this guide for small business owners who need a clear next step, not more Meta confusion.

https://jdesigns.info/blog/meta-ai-disclosure-rules-2026

#MetaTips #FacebookAdsManager #MarketingHelp #BusinessOwnerTips","https://jdesigns.info/blog/meta-ai-disclosure-rules-2026"
"029","029.png","029-caption.txt","meta-ai-disclosure-rules-2026","04","Truth","Meta warnings are rarely written in normal human language.

That is why I built a free guide for this exact issue: Using AI-generated images in your Meta ads? You now have to disclose it.

Read it here: https://jdesigns.info/blog/meta-ai-disclosure-rules-2026

#MetaAdsStrategy #DigitalMarketingTips #InstagramForBusiness #FacebookAdsTips","https://jdesigns.info/blog/meta-ai-disclosure-rules-2026"
"030","030.png","030-caption.txt","meta-ai-disclosure-rules-2026","05","CTA","If this is happening in your account, start here instead of guessing inside Business Suite.

Using AI-generated images in your Meta ads? You now have to disclose it.

Free guide: https://jdesigns.info/blog/meta-ai-disclosure-rules-2026

#MetaBusiness #FacebookAdsHelp #InstagramBusiness #SmallBusinessSupport","https://jdesigns.info/blog/meta-ai-disclosure-rules-2026"
"031","031.png","031-caption.txt","meta-behavioral-restriction-triggers","01","Pain Point","Meta flagged your ad account and you didn't change anything. Here's the real reason.

Meta restricts accounts for behavior, not just content. Here are the 5 most common behavioral triggers and what each one means for how you respond.

Start with the free Meta Business Access Checklist so you know what screenshots and access details to gather.

Read it here: https://jdesigns.info/blog/meta-behavioral-restriction-triggers

#MetaAds #FacebookAds #SmallBusinessMarketing #JDesignsStrategist","https://jdesigns.info/blog/meta-behavioral-restriction-triggers"
"032","032.png","032-caption.txt","meta-behavioral-restriction-triggers","02","Mistake","Most Meta problems get worse when you start clicking before you know what layer is broken.

This guide breaks down the issue in plain English: Meta flagged your ad account and you didn't change anything. Here's the real reason.

https://jdesigns.info/blog/meta-behavioral-restriction-triggers

#MetaBusinessSuite #MetaAdsHelp #FacebookBusiness #SmallBusinessOwner","https://jdesigns.info/blog/meta-behavioral-restriction-triggers"
"033","033.png","033-caption.txt","meta-behavioral-restriction-triggers","03","Checklist","Before you appeal, rebuild, reconnect, or scale, slow down and check the setup.

I wrote this guide for small business owners who need a clear next step, not more Meta confusion.

https://jdesigns.info/blog/meta-behavioral-restriction-triggers

#MetaTips #FacebookAdsManager #MarketingHelp #BusinessOwnerTips","https://jdesigns.info/blog/meta-behavioral-restriction-triggers"
"034","034.png","034-caption.txt","meta-behavioral-restriction-triggers","04","Truth","Meta warnings are rarely written in normal human language.

That is why I built a free guide for this exact issue: Meta flagged your ad account and you didn't change anything. Here's the real reason.

Read it here: https://jdesigns.info/blog/meta-behavioral-restriction-triggers

#MetaAdsStrategy #DigitalMarketingTips #InstagramForBusiness #FacebookAdsTips","https://jdesigns.info/blog/meta-behavioral-restriction-triggers"
"035","035.png","035-caption.txt","meta-behavioral-restriction-triggers","05","CTA","If this is happening in your account, start here instead of guessing inside Business Suite.

Meta flagged your ad account and you didn't change anything. Here's the real reason.

Free guide: https://jdesigns.info/blog/meta-behavioral-restriction-triggers

#MetaBusiness #FacebookAdsHelp #InstagramBusiness #SmallBusinessSupport","https://jdesigns.info/blog/meta-behavioral-restriction-triggers"
"036","036.png","036-caption.txt","how-to-appeal-meta-ad-account-restriction","01","Pain Point","Your Meta appeal got rejected in 10 minutes. Here's the exact reason.

Fast Meta appeals get flagged as bot behavior and auto-rejected. Here's why timing matters, what a strong appeal looks like, and what to do after a denial.

Grab the free Meta Business Access Checklist before you submit another appeal.

Read it here: https://jdesigns.info/blog/how-to-appeal-meta-ad-account-restriction

#MetaAds #FacebookAds #SmallBusinessMarketing #JDesignsStrategist","https://jdesigns.info/blog/how-to-appeal-meta-ad-account-restriction"
"037","037.png","037-caption.txt","how-to-appeal-meta-ad-account-restriction","02","Mistake","Most Meta problems get worse when you start clicking before you know what layer is broken.

This guide breaks down the issue in plain English: Your Meta appeal got rejected in 10 minutes. Here's the exact reason.

https://jdesigns.info/blog/how-to-appeal-meta-ad-account-restriction

#MetaBusinessSuite #MetaAdsHelp #FacebookBusiness #SmallBusinessOwner","https://jdesigns.info/blog/how-to-appeal-meta-ad-account-restriction"
"038","038.png","038-caption.txt","how-to-appeal-meta-ad-account-restriction","03","Checklist","Before you appeal, rebuild, reconnect, or scale, slow down and check the setup.

I wrote this guide for small business owners who need a clear next step, not more Meta confusion.

https://jdesigns.info/blog/how-to-appeal-meta-ad-account-restriction

#MetaTips #FacebookAdsManager #MarketingHelp #BusinessOwnerTips","https://jdesigns.info/blog/how-to-appeal-meta-ad-account-restriction"
"039","039.png","039-caption.txt","how-to-appeal-meta-ad-account-restriction","04","Truth","Meta warnings are rarely written in normal human language.

That is why I built a free guide for this exact issue: Your Meta appeal got rejected in 10 minutes. Here's the exact reason.

Read it here: https://jdesigns.info/blog/how-to-appeal-meta-ad-account-restriction

#MetaAdsStrategy #DigitalMarketingTips #InstagramForBusiness #FacebookAdsTips","https://jdesigns.info/blog/how-to-appeal-meta-ad-account-restriction"
"040","040.png","040-caption.txt","how-to-appeal-meta-ad-account-restriction","05","CTA","If this is happening in your account, start here instead of guessing inside Business Suite.

Your Meta appeal got rejected in 10 minutes. Here's the exact reason.

Free guide: https://jdesigns.info/blog/how-to-appeal-meta-ad-account-restriction

#MetaBusiness #FacebookAdsHelp #InstagramBusiness #SmallBusinessSupport","https://jdesigns.info/blog/how-to-appeal-meta-ad-account-restriction"
"041","041.png","041-caption.txt","meta-business-verification-required-2026","01","Pain Point","Your Meta ads didn't stop because of your creative. Meta quietly required something new in 2026.

Business Verification is now required for all active Meta ad accounts in 2026. Missing it causes restrictions with no clear explanation. Here's what it is and how to complete it.

Read the full free guide on jdesigns.info.

Read it here: https://jdesigns.info/blog/meta-business-verification-required-2026

#MetaAds #FacebookAds #SmallBusinessMarketing #JDesignsStrategist","https://jdesigns.info/blog/meta-business-verification-required-2026"
"042","042.png","042-caption.txt","meta-business-verification-required-2026","02","Mistake","Most Meta problems get worse when you start clicking before you know what layer is broken.

This guide breaks down the issue in plain English: Your Meta ads didn't stop because of your creative. Meta quietly required something new in 2026.

https://jdesigns.info/blog/meta-business-verification-required-2026

#MetaBusinessSuite #MetaAdsHelp #FacebookBusiness #SmallBusinessOwner","https://jdesigns.info/blog/meta-business-verification-required-2026"
"043","043.png","043-caption.txt","meta-business-verification-required-2026","03","Checklist","Before you appeal, rebuild, reconnect, or scale, slow down and check the setup.

I wrote this guide for small business owners who need a clear next step, not more Meta confusion.

https://jdesigns.info/blog/meta-business-verification-required-2026

#MetaTips #FacebookAdsManager #MarketingHelp #BusinessOwnerTips","https://jdesigns.info/blog/meta-business-verification-required-2026"
"044","044.png","044-caption.txt","meta-business-verification-required-2026","04","Truth","Meta warnings are rarely written in normal human language.

That is why I built a free guide for this exact issue: Your Meta ads didn't stop because of your creative. Meta quietly required something new in 2026.

Read it here: https://jdesigns.info/blog/meta-business-verification-required-2026

#MetaAdsStrategy #DigitalMarketingTips #InstagramForBusiness #FacebookAdsTips","https://jdesigns.info/blog/meta-business-verification-required-2026"
"045","045.png","045-caption.txt","meta-business-verification-required-2026","05","CTA","If this is happening in your account, start here instead of guessing inside Business Suite.

Your Meta ads didn't stop because of your creative. Meta quietly required something new in 2026.

Free guide: https://jdesigns.info/blog/meta-business-verification-required-2026

#MetaBusiness #FacebookAdsHelp #InstagramBusiness #SmallBusinessSupport","https://jdesigns.info/blog/meta-business-verification-required-2026"
"046","046.png","046-caption.txt","meta-business-portfolio-setup-guide","01","Pain Point","The Meta setup mistake that locks agencies out before they even start

Connect your assets before adding any partner or admin. A Meta Business Portfolio with zero assets triggers an automatic security flag. Here's the right setup order.

Read the full free guide on jdesigns.info.

Read it here: https://jdesigns.info/blog/meta-business-portfolio-setup-guide

#MetaAds #FacebookAds #SmallBusinessMarketing #JDesignsStrategist","https://jdesigns.info/blog/meta-business-portfolio-setup-guide"
"047","047.png","047-caption.txt","meta-business-portfolio-setup-guide","02","Mistake","Most Meta problems get worse when you start clicking before you know what layer is broken.

This guide breaks down the issue in plain English: The Meta setup mistake that locks agencies out before they even start

https://jdesigns.info/blog/meta-business-portfolio-setup-guide

#MetaBusinessSuite #MetaAdsHelp #FacebookBusiness #SmallBusinessOwner","https://jdesigns.info/blog/meta-business-portfolio-setup-guide"
"048","048.png","048-caption.txt","meta-business-portfolio-setup-guide","03","Checklist","Before you appeal, rebuild, reconnect, or scale, slow down and check the setup.

I wrote this guide for small business owners who need a clear next step, not more Meta confusion.

https://jdesigns.info/blog/meta-business-portfolio-setup-guide

#MetaTips #FacebookAdsManager #MarketingHelp #BusinessOwnerTips","https://jdesigns.info/blog/meta-business-portfolio-setup-guide"
"049","049.png","049-caption.txt","meta-business-portfolio-setup-guide","04","Truth","Meta warnings are rarely written in normal human language.

That is why I built a free guide for this exact issue: The Meta setup mistake that locks agencies out before they even start

Read it here: https://jdesigns.info/blog/meta-business-portfolio-setup-guide

#MetaAdsStrategy #DigitalMarketingTips #InstagramForBusiness #FacebookAdsTips","https://jdesigns.info/blog/meta-business-portfolio-setup-guide"
"050","050.png","050-caption.txt","meta-business-portfolio-setup-guide","05","CTA","If this is happening in your account, start here instead of guessing inside Business Suite.

The Meta setup mistake that locks agencies out before they even start

Free guide: https://jdesigns.info/blog/meta-business-portfolio-setup-guide

#MetaBusiness #FacebookAdsHelp #InstagramBusiness #SmallBusinessSupport","https://jdesigns.info/blog/meta-business-portfolio-setup-guide"
"051","051.png","051-caption.txt","does-your-agency-own-your-meta-account","01","Pain Point","If you've ever worked with a marketing agency, there's a chance they own your Meta ad account — and you don't.

The #1 Meta setup mistake — agencies building client assets inside their own Business Portfolio. Here's how to check who owns yours and what to do if it's not you.

Start with the free Meta Business Access Checklist before you create another ad account.

Read it here: https://jdesigns.info/blog/does-your-agency-own-your-meta-account

#MetaAds #FacebookAds #SmallBusinessMarketing #JDesignsStrategist","https://jdesigns.info/blog/does-your-agency-own-your-meta-account"
"052","052.png","052-caption.txt","does-your-agency-own-your-meta-account","02","Mistake","Most Meta problems get worse when you start clicking before you know what layer is broken.

This guide breaks down the issue in plain English: If you've ever worked with a marketing agency, there's a chance they own your Meta ad account — and you don't.

https://jdesigns.info/blog/does-your-agency-own-your-meta-account

#MetaBusinessSuite #MetaAdsHelp #FacebookBusiness #SmallBusinessOwner","https://jdesigns.info/blog/does-your-agency-own-your-meta-account"
"053","053.png","053-caption.txt","does-your-agency-own-your-meta-account","03","Checklist","Before you appeal, rebuild, reconnect, or scale, slow down and check the setup.

I wrote this guide for small business owners who need a clear next step, not more Meta confusion.

https://jdesigns.info/blog/does-your-agency-own-your-meta-account

#MetaTips #FacebookAdsManager #MarketingHelp #BusinessOwnerTips","https://jdesigns.info/blog/does-your-agency-own-your-meta-account"
"054","054.png","054-caption.txt","does-your-agency-own-your-meta-account","04","Truth","Meta warnings are rarely written in normal human language.

That is why I built a free guide for this exact issue: If you've ever worked with a marketing agency, there's a chance they own your Meta ad account — and you don't.

Read it here: https://jdesigns.info/blog/does-your-agency-own-your-meta-account

#MetaAdsStrategy #DigitalMarketingTips #InstagramForBusiness #FacebookAdsTips","https://jdesigns.info/blog/does-your-agency-own-your-meta-account"
"055","055.png","055-caption.txt","does-your-agency-own-your-meta-account","05","CTA","If this is happening in your account, start here instead of guessing inside Business Suite.

If you've ever worked with a marketing agency, there's a chance they own your Meta ad account — and you don't.

Free guide: https://jdesigns.info/blog/does-your-agency-own-your-meta-account

#MetaBusiness #FacebookAdsHelp #InstagramBusiness #SmallBusinessSupport","https://jdesigns.info/blog/does-your-agency-own-your-meta-account"
"056","056.png","056-caption.txt","meta-verified-tiers-small-business","01","Pain Point","$14 a month or $500 a month — what each Meta Verified tier actually gets your small business

4 tiers from $14–$500/month. Here's what each one actually includes, which one makes sense for a small business running ads, and the one timing rule you have to know.

Read the full free guide on jdesigns.info.

Read it here: https://jdesigns.info/blog/meta-verified-tiers-small-business

#MetaAds #FacebookAds #SmallBusinessMarketing #JDesignsStrategist","https://jdesigns.info/blog/meta-verified-tiers-small-business"
"057","057.png","057-caption.txt","meta-verified-tiers-small-business","02","Mistake","Most Meta problems get worse when you start clicking before you know what layer is broken.

This guide breaks down the issue in plain English: $14 a month or $500 a month — what each Meta Verified tier actually gets your small business

https://jdesigns.info/blog/meta-verified-tiers-small-business

#MetaBusinessSuite #MetaAdsHelp #FacebookBusiness #SmallBusinessOwner","https://jdesigns.info/blog/meta-verified-tiers-small-business"
"058","058.png","058-caption.txt","meta-verified-tiers-small-business","03","Checklist","Before you appeal, rebuild, reconnect, or scale, slow down and check the setup.

I wrote this guide for small business owners who need a clear next step, not more Meta confusion.

https://jdesigns.info/blog/meta-verified-tiers-small-business

#MetaTips #FacebookAdsManager #MarketingHelp #BusinessOwnerTips","https://jdesigns.info/blog/meta-verified-tiers-small-business"
"059","059.png","059-caption.txt","meta-verified-tiers-small-business","04","Truth","Meta warnings are rarely written in normal human language.

That is why I built a free guide for this exact issue: $14 a month or $500 a month — what each Meta Verified tier actually gets your small business

Read it here: https://jdesigns.info/blog/meta-verified-tiers-small-business

#MetaAdsStrategy #DigitalMarketingTips #InstagramForBusiness #FacebookAdsTips","https://jdesigns.info/blog/meta-verified-tiers-small-business"
"060","060.png","060-caption.txt","meta-verified-tiers-small-business","05","CTA","If this is happening in your account, start here instead of guessing inside Business Suite.

$14 a month or $500 a month — what each Meta Verified tier actually gets your small business

Free guide: https://jdesigns.info/blog/meta-verified-tiers-small-business

#MetaBusiness #FacebookAdsHelp #InstagramBusiness #SmallBusinessSupport","https://jdesigns.info/blog/meta-verified-tiers-small-business"
"061","061.png","061-caption.txt","instagram-wont-connect-meta-business-suite-fix","01","Pain Point","Instagram won't connect in Meta Business Suite. Check these first.

Most Instagram connection errors in Meta Business Suite have a specific, fixable cause. Here are the four most common reasons and how to resolve each one.

Use the free Meta checklist to untangle the Page, Instagram, and Business Portfolio connection.

Read it here: https://jdesigns.info/blog/instagram-wont-connect-meta-business-suite-fix

#MetaAds #FacebookAds #SmallBusinessMarketing #JDesignsStrategist","https://jdesigns.info/blog/instagram-wont-connect-meta-business-suite-fix"
"062","062.png","062-caption.txt","instagram-wont-connect-meta-business-suite-fix","02","Mistake","Most Meta problems get worse when you start clicking before you know what layer is broken.

This guide breaks down the issue in plain English: Instagram won't connect in Meta Business Suite. Check these first.

https://jdesigns.info/blog/instagram-wont-connect-meta-business-suite-fix

#MetaBusinessSuite #MetaAdsHelp #FacebookBusiness #SmallBusinessOwner","https://jdesigns.info/blog/instagram-wont-connect-meta-business-suite-fix"
"063","063.png","063-caption.txt","instagram-wont-connect-meta-business-suite-fix","03","Checklist","Before you appeal, rebuild, reconnect, or scale, slow down and check the setup.

I wrote this guide for small business owners who need a clear next step, not more Meta confusion.

https://jdesigns.info/blog/instagram-wont-connect-meta-business-suite-fix

#MetaTips #FacebookAdsManager #MarketingHelp #BusinessOwnerTips","https://jdesigns.info/blog/instagram-wont-connect-meta-business-suite-fix"
"064","064.png","064-caption.txt","instagram-wont-connect-meta-business-suite-fix","04","Truth","Meta warnings are rarely written in normal human language.

That is why I built a free guide for this exact issue: Instagram won't connect in Meta Business Suite. Check these first.

Read it here: https://jdesigns.info/blog/instagram-wont-connect-meta-business-suite-fix

#MetaAdsStrategy #DigitalMarketingTips #InstagramForBusiness #FacebookAdsTips","https://jdesigns.info/blog/instagram-wont-connect-meta-business-suite-fix"
"065","065.png","065-caption.txt","instagram-wont-connect-meta-business-suite-fix","05","CTA","If this is happening in your account, start here instead of guessing inside Business Suite.

Instagram won't connect in Meta Business Suite. Check these first.

Free guide: https://jdesigns.info/blog/instagram-wont-connect-meta-business-suite-fix

#MetaBusiness #FacebookAdsHelp #InstagramBusiness #SmallBusinessSupport","https://jdesigns.info/blog/instagram-wont-connect-meta-business-suite-fix"
"066","066.png","066-caption.txt","instagram-algorithm-2026-shares-first","01","Pain Point","Instagram changed what it shows people — and most small businesses still don't know.

Likes don't matter anymore. Instagram's 2026 algorithm shift made shares the #1 distribution signal. Here's what changed, why it matters, and what to create instead.

Read the full free guide on jdesigns.info.

Read it here: https://jdesigns.info/blog/instagram-algorithm-2026-shares-first

#MetaAds #FacebookAds #SmallBusinessMarketing #JDesignsStrategist","https://jdesigns.info/blog/instagram-algorithm-2026-shares-first"
"067","067.png","067-caption.txt","instagram-algorithm-2026-shares-first","02","Mistake","Most Meta problems get worse when you start clicking before you know what layer is broken.

This guide breaks down the issue in plain English: Instagram changed what it shows people — and most small businesses still don't know.

https://jdesigns.info/blog/instagram-algorithm-2026-shares-first

#MetaBusinessSuite #MetaAdsHelp #FacebookBusiness #SmallBusinessOwner","https://jdesigns.info/blog/instagram-algorithm-2026-shares-first"
"068","068.png","068-caption.txt","instagram-algorithm-2026-shares-first","03","Checklist","Before you appeal, rebuild, reconnect, or scale, slow down and check the setup.

I wrote this guide for small business owners who need a clear next step, not more Meta confusion.

https://jdesigns.info/blog/instagram-algorithm-2026-shares-first

#MetaTips #FacebookAdsManager #MarketingHelp #BusinessOwnerTips","https://jdesigns.info/blog/instagram-algorithm-2026-shares-first"
"069","069.png","069-caption.txt","instagram-algorithm-2026-shares-first","04","Truth","Meta warnings are rarely written in normal human language.

That is why I built a free guide for this exact issue: Instagram changed what it shows people — and most small businesses still don't know.

Read it here: https://jdesigns.info/blog/instagram-algorithm-2026-shares-first

#MetaAdsStrategy #DigitalMarketingTips #InstagramForBusiness #FacebookAdsTips","https://jdesigns.info/blog/instagram-algorithm-2026-shares-first"
"070","070.png","070-caption.txt","instagram-algorithm-2026-shares-first","05","CTA","If this is happening in your account, start here instead of guessing inside Business Suite.

Instagram changed what it shows people — and most small businesses still don't know.

Free guide: https://jdesigns.info/blog/instagram-algorithm-2026-shares-first

#MetaBusiness #FacebookAdsHelp #InstagramBusiness #SmallBusinessSupport","https://jdesigns.info/blog/instagram-algorithm-2026-shares-first"
"071","071.png","071-caption.txt","how-to-use-instagram-trial-reels","01","Pain Point","Instagram's Trial Reels feature is the lowest-risk way to test content you've ever had.

Trial Reels let you test new content with non-followers first. If it flops, your existing audience never sees it. Here's how to use the feature and what to test with it.

Read the full free guide on jdesigns.info.

Read it here: https://jdesigns.info/blog/how-to-use-instagram-trial-reels

#MetaAds #FacebookAds #SmallBusinessMarketing #JDesignsStrategist","https://jdesigns.info/blog/how-to-use-instagram-trial-reels"
"072","072.png","072-caption.txt","how-to-use-instagram-trial-reels","02","Mistake","Most Meta problems get worse when you start clicking before you know what layer is broken.

This guide breaks down the issue in plain English: Instagram's Trial Reels feature is the lowest-risk way to test content you've ever had.

https://jdesigns.info/blog/how-to-use-instagram-trial-reels

#MetaBusinessSuite #MetaAdsHelp #FacebookBusiness #SmallBusinessOwner","https://jdesigns.info/blog/how-to-use-instagram-trial-reels"
"073","073.png","073-caption.txt","how-to-use-instagram-trial-reels","03","Checklist","Before you appeal, rebuild, reconnect, or scale, slow down and check the setup.

I wrote this guide for small business owners who need a clear next step, not more Meta confusion.

https://jdesigns.info/blog/how-to-use-instagram-trial-reels

#MetaTips #FacebookAdsManager #MarketingHelp #BusinessOwnerTips","https://jdesigns.info/blog/how-to-use-instagram-trial-reels"
"074","074.png","074-caption.txt","how-to-use-instagram-trial-reels","04","Truth","Meta warnings are rarely written in normal human language.

That is why I built a free guide for this exact issue: Instagram's Trial Reels feature is the lowest-risk way to test content you've ever had.

Read it here: https://jdesigns.info/blog/how-to-use-instagram-trial-reels

#MetaAdsStrategy #DigitalMarketingTips #InstagramForBusiness #FacebookAdsTips","https://jdesigns.info/blog/how-to-use-instagram-trial-reels"
"075","075.png","075-caption.txt","how-to-use-instagram-trial-reels","05","CTA","If this is happening in your account, start here instead of guessing inside Business Suite.

Instagram's Trial Reels feature is the lowest-risk way to test content you've ever had.

Free guide: https://jdesigns.info/blog/how-to-use-instagram-trial-reels

#MetaBusiness #FacebookAdsHelp #InstagramBusiness #SmallBusinessSupport","https://jdesigns.info/blog/how-to-use-instagram-trial-reels"
"076","076.png","076-caption.txt","instagram-carousel-strategy-2026","01","Pain Point","The carousel is still Instagram's highest-save format in 2026.

Carousels get saved more than any other Instagram format — if they're built right. Here's the structure that drives saves, the slide count that performs, and what most people get wrong on slide 1.

Read the full free guide on jdesigns.info.

Read it here: https://jdesigns.info/blog/instagram-carousel-strategy-2026

#MetaAds #FacebookAds #SmallBusinessMarketing #JDesignsStrategist","https://jdesigns.info/blog/instagram-carousel-strategy-2026"
"077","077.png","077-caption.txt","instagram-carousel-strategy-2026","02","Mistake","Most Meta problems get worse when you start clicking before you know what layer is broken.

This guide breaks down the issue in plain English: The carousel is still Instagram's highest-save format in 2026.

https://jdesigns.info/blog/instagram-carousel-strategy-2026

#MetaBusinessSuite #MetaAdsHelp #FacebookBusiness #SmallBusinessOwner","https://jdesigns.info/blog/instagram-carousel-strategy-2026"
"078","078.png","078-caption.txt","instagram-carousel-strategy-2026","03","Checklist","Before you appeal, rebuild, reconnect, or scale, slow down and check the setup.

I wrote this guide for small business owners who need a clear next step, not more Meta confusion.

https://jdesigns.info/blog/instagram-carousel-strategy-2026

#MetaTips #FacebookAdsManager #MarketingHelp #BusinessOwnerTips","https://jdesigns.info/blog/instagram-carousel-strategy-2026"
"079","079.png","079-caption.txt","instagram-carousel-strategy-2026","04","Truth","Meta warnings are rarely written in normal human language.

That is why I built a free guide for this exact issue: The carousel is still Instagram's highest-save format in 2026.

Read it here: https://jdesigns.info/blog/instagram-carousel-strategy-2026

#MetaAdsStrategy #DigitalMarketingTips #InstagramForBusiness #FacebookAdsTips","https://jdesigns.info/blog/instagram-carousel-strategy-2026"
"080","080.png","080-caption.txt","instagram-carousel-strategy-2026","05","CTA","If this is happening in your account, start here instead of guessing inside Business Suite.

The carousel is still Instagram's highest-save format in 2026.

Free guide: https://jdesigns.info/blog/instagram-carousel-strategy-2026

#MetaBusiness #FacebookAdsHelp #InstagramBusiness #SmallBusinessSupport","https://jdesigns.info/blog/instagram-carousel-strategy-2026"
"081","081.png","081-caption.txt","content-pillars-for-small-business","01","Pain Point","3 to 4 content pillars. Every post has a job. No filler.

Posting without content pillars means every post starts from scratch. Here's how to build 3–4 content pillars for a service business and make sure every post has a job.

Read the full free guide on jdesigns.info.

Read it here: https://jdesigns.info/blog/content-pillars-for-small-business

#MetaAds #FacebookAds #SmallBusinessMarketing #JDesignsStrategist","https://jdesigns.info/blog/content-pillars-for-small-business"
"082","082.png","082-caption.txt","content-pillars-for-small-business","02","Mistake","Most Meta problems get worse when you start clicking before you know what layer is broken.

This guide breaks down the issue in plain English: 3 to 4 content pillars. Every post has a job. No filler.

https://jdesigns.info/blog/content-pillars-for-small-business

#MetaBusinessSuite #MetaAdsHelp #FacebookBusiness #SmallBusinessOwner","https://jdesigns.info/blog/content-pillars-for-small-business"
"083","083.png","083-caption.txt","content-pillars-for-small-business","03","Checklist","Before you appeal, rebuild, reconnect, or scale, slow down and check the setup.

I wrote this guide for small business owners who need a clear next step, not more Meta confusion.

https://jdesigns.info/blog/content-pillars-for-small-business

#MetaTips #FacebookAdsManager #MarketingHelp #BusinessOwnerTips","https://jdesigns.info/blog/content-pillars-for-small-business"
"084","084.png","084-caption.txt","content-pillars-for-small-business","04","Truth","Meta warnings are rarely written in normal human language.

That is why I built a free guide for this exact issue: 3 to 4 content pillars. Every post has a job. No filler.

Read it here: https://jdesigns.info/blog/content-pillars-for-small-business

#MetaAdsStrategy #DigitalMarketingTips #InstagramForBusiness #FacebookAdsTips","https://jdesigns.info/blog/content-pillars-for-small-business"
"085","085.png","085-caption.txt","content-pillars-for-small-business","05","CTA","If this is happening in your account, start here instead of guessing inside Business Suite.

3 to 4 content pillars. Every post has a job. No filler.

Free guide: https://jdesigns.info/blog/content-pillars-for-small-business

#MetaBusiness #FacebookAdsHelp #InstagramBusiness #SmallBusinessSupport","https://jdesigns.info/blog/content-pillars-for-small-business"
"086","086.png","086-caption.txt","canva-grow-vs-meta-ads-strategist","01","Pain Point","Canva just added a button that pushes ads straight to Meta. So do you still need a strategist?

Canva Grow lets you design and publish ads in one tool. Here's what it actually does, what it doesn't do, and where a strategist still matters in 2026.

Read the full free guide on jdesigns.info.

Read it here: https://jdesigns.info/blog/canva-grow-vs-meta-ads-strategist

#MetaAds #FacebookAds #SmallBusinessMarketing #JDesignsStrategist","https://jdesigns.info/blog/canva-grow-vs-meta-ads-strategist"
"087","087.png","087-caption.txt","canva-grow-vs-meta-ads-strategist","02","Mistake","Most Meta problems get worse when you start clicking before you know what layer is broken.

This guide breaks down the issue in plain English: Canva just added a button that pushes ads straight to Meta. So do you still need a strategist?

https://jdesigns.info/blog/canva-grow-vs-meta-ads-strategist

#MetaBusinessSuite #MetaAdsHelp #FacebookBusiness #SmallBusinessOwner","https://jdesigns.info/blog/canva-grow-vs-meta-ads-strategist"
"088","088.png","088-caption.txt","canva-grow-vs-meta-ads-strategist","03","Checklist","Before you appeal, rebuild, reconnect, or scale, slow down and check the setup.

I wrote this guide for small business owners who need a clear next step, not more Meta confusion.

https://jdesigns.info/blog/canva-grow-vs-meta-ads-strategist

#MetaTips #FacebookAdsManager #MarketingHelp #BusinessOwnerTips","https://jdesigns.info/blog/canva-grow-vs-meta-ads-strategist"
"089","089.png","089-caption.txt","canva-grow-vs-meta-ads-strategist","04","Truth","Meta warnings are rarely written in normal human language.

That is why I built a free guide for this exact issue: Canva just added a button that pushes ads straight to Meta. So do you still need a strategist?

Read it here: https://jdesigns.info/blog/canva-grow-vs-meta-ads-strategist

#MetaAdsStrategy #DigitalMarketingTips #InstagramForBusiness #FacebookAdsTips","https://jdesigns.info/blog/canva-grow-vs-meta-ads-strategist"
"090","090.png","090-caption.txt","canva-grow-vs-meta-ads-strategist","05","CTA","If this is happening in your account, start here instead of guessing inside Business Suite.

Canva just added a button that pushes ads straight to Meta. So do you still need a strategist?

Free guide: https://jdesigns.info/blog/canva-grow-vs-meta-ads-strategist

#MetaBusiness #FacebookAdsHelp #InstagramBusiness #SmallBusinessSupport","https://jdesigns.info/blog/canva-grow-vs-meta-ads-strategist"
"091","091.png","091-caption.txt","canva-ai-2-whats-new-2026","01","Pain Point","Canva AI 2.0: what's actually new and what it means for small business content.

Canva's 2026 AI upgrade added Magic Studio Pro, video generation, and brand voice. Here's what's genuinely useful, what the tradeoffs are, and the Meta disclosure rule you can't skip.

Read the full free guide on jdesigns.info.

Read it here: https://jdesigns.info/blog/canva-ai-2-whats-new-2026

#MetaAds #FacebookAds #SmallBusinessMarketing #JDesignsStrategist","https://jdesigns.info/blog/canva-ai-2-whats-new-2026"
"092","092.png","092-caption.txt","canva-ai-2-whats-new-2026","02","Mistake","Most Meta problems get worse when you start clicking before you know what layer is broken.

This guide breaks down the issue in plain English: Canva AI 2.0: what's actually new and what it means for small business content.

https://jdesigns.info/blog/canva-ai-2-whats-new-2026

#MetaBusinessSuite #MetaAdsHelp #FacebookBusiness #SmallBusinessOwner","https://jdesigns.info/blog/canva-ai-2-whats-new-2026"
"093","093.png","093-caption.txt","canva-ai-2-whats-new-2026","03","Checklist","Before you appeal, rebuild, reconnect, or scale, slow down and check the setup.

I wrote this guide for small business owners who need a clear next step, not more Meta confusion.

https://jdesigns.info/blog/canva-ai-2-whats-new-2026

#MetaTips #FacebookAdsManager #MarketingHelp #BusinessOwnerTips","https://jdesigns.info/blog/canva-ai-2-whats-new-2026"
"094","094.png","094-caption.txt","canva-ai-2-whats-new-2026","04","Truth","Meta warnings are rarely written in normal human language.

That is why I built a free guide for this exact issue: Canva AI 2.0: what's actually new and what it means for small business content.

Read it here: https://jdesigns.info/blog/canva-ai-2-whats-new-2026

#MetaAdsStrategy #DigitalMarketingTips #InstagramForBusiness #FacebookAdsTips","https://jdesigns.info/blog/canva-ai-2-whats-new-2026"
"095","095.png","095-caption.txt","canva-ai-2-whats-new-2026","05","CTA","If this is happening in your account, start here instead of guessing inside Business Suite.

Canva AI 2.0: what's actually new and what it means for small business content.

Free guide: https://jdesigns.info/blog/canva-ai-2-whats-new-2026

#MetaBusiness #FacebookAdsHelp #InstagramBusiness #SmallBusinessSupport","https://jdesigns.info/blog/canva-ai-2-whats-new-2026"
